id,mood,instruments,key,bpm,prompt,negative
01,rainy night study,lofi piano + brushed drums + upright bass,D minor,70,"lofi hip hop, warm tape saturation, rainy night mood, mellow piano chords, brushed drums, upright bass, vinyl crackle, study beats, 70 BPM, D minor, sidechain compression","no vocals, no EDM drop, no harsh synths"
02,cozy morning coffee,lofi guitar + soft kick + rhodes,D major,75,"lofi hip hop, cozy morning coffee vibe, mellow guitar loop, soft boom bap drums, rhodes chords, subtle vinyl noise, 75 BPM, D major, warm and nostalgic","no vocals, no fast tempo, no distortion"
03,late night drive,synth pad + lofi keys + slow drums,A minor,68,"lofi hip hop, late night city drive, dreamy synth pad, lofi keys, slow dusty drums, tape wobble, 68 BPM, A minor, deep bass","no vocals, no EDM, no aggressive sound"
04,focus work,minimal keys + light percussion,C major,80,"instrumental lofi, focus and concentration, minimal piano, light shaker percussion, soft sub bass, low fidelity texture, 80 BPM, C major, calm","no vocals, no melody clutter, no loud transients"
05,autumn afternoon,acoustic guitar + warm bass,F major,72,"lofi hip hop, autumn afternoon, acoustic guitar fingerpicking, warm bass, soft vinyl crackle, dusty drums, 72 BPM, F major, nostalgic","no vocals, no drums heavy, no synth lead"
06,rainy window jazz,jazz piano + upright bass + brushes,Eb major,66,"lofi jazzhop, rainy window, jazz piano voicings, upright bass, brushed drums, tape hiss, 66 BPM, Eb major, smoky lounge","no vocals, no upbeat, no electronic drums"
07,midnight study,rhodes + muted trumpet + boom bap,D minor,74,"lofi hip hop, midnight study session, rhodes electric piano, muted trumpet, boom bap drums, vinyl crackle, 74 BPM, D minor, mellow","no vocals, no brass section, no loud horns"
08,spring breeze,ukulele + soft pads + shaker,G major,78,"lofi chillhop, spring breeze, soft ukulele, warm pads, shaker percussion, light tape saturation, 78 BPM, G major, uplifting calm","no vocals, no heavy bass, no EDM"
09,tokyo night walk,chill synth + plucked keys + soft drums,B minor,70,"lofi hip hop, tokyo night walk, chill synthwave chords, plucked keys, soft dusty drums, city ambience, 70 BPM, B minor, moody","no vocals, no hard synthwave, no loud snare"
10,very late night,ambient pads + slow piano,C minor,64,"ambient lofi, very late night, slow piano notes, ambient pads, deep sub bass, minimal drums, heavy tape wobble, 64 BPM, C minor, sleepy","no vocals, no drums, no bright highs"
