track_id,file,style,style_version,mood,instruments,key,bpm,rating,status,auto_verdict,auto_score,tags,seed,duration,sha1,used_count
cozy_morning_01_00001,assets/tracks/cozy_morning/legacy/cozy_morning_01_00001.mp3,cozy_morning,1,gentle start of the day,"mellow acoustic guitar, soft kick, rhodes chords",A major,75,,unreviewed,warn,93,,,120,27c813f8de380777c5779938062cdffb7fcb1aa6,0
cozy_morning_01_cozy01_00001,assets/tracks/cozy_morning/cozy01/cozy_morning_01_cozy01_00001.mp3,cozy_morning,1,cozy morning coffee,"mellow acoustic guitar, soft kick, rhodes chords",G major,86,,unreviewed,warn,93,,279873122,120.0,ff80d38987789637613d988a91f2ee177c4b904a,0
cozy_morning_02_00001,assets/tracks/cozy_morning/legacy/cozy_morning_02_00001.mp3,cozy_morning,1,sunlit window,"mellow acoustic guitar, soft kick, rhodes chords",D major,74,,unreviewed,warn,93,,,120,8aeb4cbe807216723d95554433db230df87144f4,0
cozy_morning_02_cozy01_00001,assets/tracks/cozy_morning/cozy01/cozy_morning_02_cozy01_00001.mp3,cozy_morning,1,slow weekend,"mellow acoustic guitar, soft kick, rhodes chords",C major,79,,unreviewed,warn,93,,1460564880,120.0,25996c6abca706819c0aeba7b06f0f32ead57993,0
cozy_morning_03_00001,assets/tracks/cozy_morning/legacy/cozy_morning_03_00001.mp3,cozy_morning,1,spring morning breeze,"soft guitar fingerpicking, mellow pads, soft kick",A major,87,,unreviewed,warn,93,,,120,8bdf641dda3921bd366417daea5fb18cf0b1cc8d,0
cozy_morning_03_cozy01_00001,assets/tracks/cozy_morning/cozy01/cozy_morning_03_cozy01_00001.mp3,cozy_morning,1,gentle start of the day,"warm ukulele, light shaker, soft bass",A major,80,,unreviewed,warn,93,,2005306196,120.0,a451b770d2bcc85a5b0aa89d303479cbf3e5f87c,0
cozy_morning_04_00001,assets/tracks/cozy_morning/legacy/cozy_morning_04_00001.mp3,cozy_morning,1,slow weekend,"warm ukulele, light shaker, soft bass",G major,77,,unreviewed,warn,93,,,120,6765ac4c027454242ef18d4b19d50d0186182b36,0
cozy_morning_04_cozy01_00001,assets/tracks/cozy_morning/cozy01/cozy_morning_04_cozy01_00001.mp3,cozy_morning,1,cozy morning coffee,"mellow acoustic guitar, soft kick, rhodes chords",C major,83,,unreviewed,warn,93,,1676032621,120.0,1c27e74cf246c4b5c53e49fe4b5ffc40d5d2664b,0
cozy_morning_05_00001,assets/tracks/cozy_morning/legacy/cozy_morning_05_00001.mp3,cozy_morning,1,slow weekend,"warm ukulele, light shaker, soft bass",D major,85,,unreviewed,warn,93,,,120,dfa33f7c7c0a0f91687bba4b537339a161615cf9,0
cozy_morning_05_cozy01_00001,assets/tracks/cozy_morning/cozy01/cozy_morning_05_cozy01_00001.mp3,cozy_morning,1,cozy morning coffee,"gentle piano chords, brushed drums, warm bass",G major,81,,unreviewed,warn,93,,1322844111,120.0,bb968c29c2460ef2073fb8484e2c3247c748f3d0,0
cozy_morning_06_00001,assets/tracks/cozy_morning/legacy/cozy_morning_06_00001.mp3,cozy_morning,1,spring morning breeze,"gentle piano chords, brushed drums, warm bass",G major,79,,unreviewed,warn,93,,,120,1dd3c403c2076c43d7d44540f0b784870e62506a,0
cozy_morning_06_cozy01_00001,assets/tracks/cozy_morning/cozy01/cozy_morning_06_cozy01_00001.mp3,cozy_morning,1,gentle start of the day,"mellow acoustic guitar, soft kick, rhodes chords",G major,75,,unreviewed,warn,93,,851116589,120.0,d4ff03d0577b7836382786ba46461ee679b15eca,0
cozy_morning_07_00001,assets/tracks/cozy_morning/legacy/cozy_morning_07_00001.mp3,cozy_morning,1,slow weekend,"soft guitar fingerpicking, mellow pads, soft kick",F major,76,,unreviewed,warn,93,,,120,3dde2c80b84ad06d02d65f1772893f9dbf258888,0
cozy_morning_07_cozy01_00001,assets/tracks/cozy_morning/cozy01/cozy_morning_07_cozy01_00001.mp3,cozy_morning,1,slow weekend,"mellow acoustic guitar, soft kick, rhodes chords",D major,80,,unreviewed,warn,93,,1143426869,120.0,70d795efd20b284b6e44719529d66a51a5cbc9d9,0
cozy_morning_08_00001,assets/tracks/cozy_morning/legacy/cozy_morning_08_00001.mp3,cozy_morning,1,cozy morning coffee,"soft guitar fingerpicking, mellow pads, soft kick",D major,83,,unreviewed,warn,93,,,120,de3c5f661f4f4b1a2ddc5270998b531472ae7eba,0
cozy_morning_08_cozy01_00001,assets/tracks/cozy_morning/cozy01/cozy_morning_08_cozy01_00001.mp3,cozy_morning,1,cozy morning coffee,"gentle piano chords, brushed drums, warm bass",G major,88,,unreviewed,warn,93,,118435867,120.0,430d44d72c39592f1c5496ca4a13384577d1e8bd,0
cozy_morning_09_00001,assets/tracks/cozy_morning/legacy/cozy_morning_09_00001.mp3,cozy_morning,1,spring morning breeze,"mellow acoustic guitar, soft kick, rhodes chords",F major,80,,unreviewed,warn,93,,,120,71bb241121bfbe70fe8b11b6c654518362bef2c4,0
cozy_morning_09_cozy01_00001,assets/tracks/cozy_morning/cozy01/cozy_morning_09_cozy01_00001.mp3,cozy_morning,1,cozy morning coffee,"soft guitar fingerpicking, mellow pads, soft kick",C major,78,,unreviewed,warn,93,,626436142,120.0,d653d4d1b44520c0dbfc413d0563d34a24b2212f,0
cozy_morning_10_00001,assets/tracks/cozy_morning/legacy/cozy_morning_10_00001.mp3,cozy_morning,1,sunlit window,"gentle piano chords, brushed drums, warm bass",F major,88,,unreviewed,warn,93,,,120,4f2f55779598bae9d16f7b2619016f9b253cfbed,0
cozy_morning_10_cozy01_00001,assets/tracks/cozy_morning/cozy01/cozy_morning_10_cozy01_00001.mp3,cozy_morning,1,sunlit window,"gentle piano chords, brushed drums, warm bass",A major,88,,unreviewed,warn,93,,12789030,120.0,d9027686f65f8f16cf243e5dd103ce3d4583ecc7,0
cozy_morning_11_00002,assets/tracks/cozy_morning/legacy/cozy_morning_11_00002.mp3,cozy_morning,1,gentle start of the day,"warm ukulele, light shaker, soft bass",A major,80,,unreviewed,warn,93,,1528274303,120,20c203ea8efd69001a41c34bda8ba0240706eb00,0
cozy_morning_11_cozy01_00001,assets/tracks/cozy_morning/cozy01/cozy_morning_11_cozy01_00001.mp3,cozy_morning,1,slow weekend,"gentle piano chords, brushed drums, warm bass",A major,81,,unreviewed,warn,93,,1161054276,120.0,cfa2b8cb76bccc337864a27f0e1bbefcd901003f,0
cozy_morning_12_00001,assets/tracks/cozy_morning/legacy/cozy_morning_12_00001.mp3,cozy_morning,1,spring morning breeze,"warm ukulele, light shaker, soft bass",A major,80,,unreviewed,warn,93,,889481391,120,15145c558363f3169af4510a0cca4f3042479796,0
cozy_morning_12_cozy01_00001,assets/tracks/cozy_morning/cozy01/cozy_morning_12_cozy01_00001.mp3,cozy_morning,1,gentle start of the day,"mellow acoustic guitar, soft kick, rhodes chords",G major,83,,unreviewed,warn,93,,952949513,120.0,bcb3d870ba659fa6596693dac0e2a41ba7f0a803,0
cozy_morning_13_00001,assets/tracks/cozy_morning/legacy/cozy_morning_13_00001.mp3,cozy_morning,1,spring morning breeze,"mellow acoustic guitar, soft kick, rhodes chords",C major,74,,unreviewed,warn,93,,70260335,120,fd1419b6554d2eef6e6a6f2044ff29472d81b73f,0
cozy_morning_13_cozy01_00001,assets/tracks/cozy_morning/cozy01/cozy_morning_13_cozy01_00001.mp3,cozy_morning,1,spring morning breeze,"soft guitar fingerpicking, mellow pads, soft kick",C major,81,,unreviewed,warn,93,,1468816411,120.0,f7dffe5f3493c0e8e93e8027f3526eeafc4e3210,0
cozy_morning_14_00001,assets/tracks/cozy_morning/legacy/cozy_morning_14_00001.mp3,cozy_morning,1,cozy morning coffee,"soft guitar fingerpicking, mellow pads, soft kick",F major,80,,unreviewed,warn,93,,1962289581,120,c130d534060b3295d3b0857064d4ab90b4944ebc,0
cozy_morning_14_cozy01_00001,assets/tracks/cozy_morning/cozy01/cozy_morning_14_cozy01_00001.mp3,cozy_morning,1,cozy morning coffee,"soft guitar fingerpicking, mellow pads, soft kick",F major,77,,unreviewed,warn,93,,2095369006,120.0,4866c3eca872edc822baee9e065016d2503fd3ef,0
cozy_morning_15_00001,assets/tracks/cozy_morning/legacy/cozy_morning_15_00001.mp3,cozy_morning,1,cozy morning coffee,"gentle piano chords, brushed drums, warm bass",G major,85,,unreviewed,warn,93,,1589675622,120,68017ed9d6f95d3da0b990c9be41f161e4c6c35c,0
cozy_morning_15_cozy01_00001,assets/tracks/cozy_morning/cozy01/cozy_morning_15_cozy01_00001.mp3,cozy_morning,1,cozy morning coffee,"warm ukulele, light shaker, soft bass",G major,87,,unreviewed,warn,93,,1159858822,120.0,a31327461350230aca44128adc8757d39994404a,0
cozy_morning_16_00001,assets/tracks/cozy_morning/legacy/cozy_morning_16_00001.mp3,cozy_morning,1,spring morning breeze,"mellow acoustic guitar, soft kick, rhodes chords",F major,87,,unreviewed,warn,93,,1703219544,120,28995d7bade4882d801458d858777f71247ede5a,0
cozy_morning_16_cozy01_00001,assets/tracks/cozy_morning/cozy01/cozy_morning_16_cozy01_00001.mp3,cozy_morning,1,spring morning breeze,"warm ukulele, light shaker, soft bass",D major,75,,unreviewed,pass,100,,1316709358,120.0,546b22b556c0158c4b8e9742ef7b9624af5890d6,0
cozy_morning_17_cozy01_00001,assets/tracks/cozy_morning/cozy01/cozy_morning_17_cozy01_00001.mp3,cozy_morning,1,gentle start of the day,"warm ukulele, light shaker, soft bass",A major,88,,unreviewed,warn,93,,194834251,120.0,305630f3821593aca9da3b508a6f9181b8301346,0
cozy_morning_18_cozy01_00001,assets/tracks/cozy_morning/cozy01/cozy_morning_18_cozy01_00001.mp3,cozy_morning,1,gentle start of the day,"warm ukulele, light shaker, soft bass",A major,84,,unreviewed,warn,93,,1148255881,120.0,afaf0ccb8857bd69ecc9eb234f290bd0dcf3fa0b,0
cozy_morning_19_cozy01_00001,assets/tracks/cozy_morning/cozy01/cozy_morning_19_cozy01_00001.mp3,cozy_morning,1,cozy morning coffee,"soft guitar fingerpicking, mellow pads, soft kick",F major,78,,unreviewed,warn,93,,2101846051,120.0,83ca7e05860c9cef226d3083c215216c3a6c6407,0
cozy_morning_v2_01_00001,assets/tracks/cozy_morning_v2/legacy/cozy_morning_v2_01_00001.mp3,cozy_morning_v2,1,cozy morning coffee,"mellow rhodes chords, boom bap drums, warm upright bass",A major,72,,unreviewed,warn,93,,,120,01fce61039cc866fda3fd2b00b93be95fc8ae504,0
dusk_jazz_01_dusk_jazz-smoke_00001,assets/tracks/dusk_jazz/dusk_jazz-smoke/dusk_jazz_01_dusk_jazz-smoke_00001.mp3,dusk_jazz,1,smoky late twilight,"plucked keys, vibraphone, deep sub bass",C minor,77,,unreviewed,warn,93,,156205798,120.0,e54cfc1502a1c25a156495309c1234d047b940ff,0
dusk_jazz_02_dusk_jazz-smoke_00001,assets/tracks/dusk_jazz/dusk_jazz-smoke/dusk_jazz_02_dusk_jazz-smoke_00001.mp3,dusk_jazz,1,quiet jazz evening,"slow piano notes, upright bass, soft brush groove",D minor,76,,unreviewed,warn,93,,298797821,120.0,1a9628530f6d7f3eed62674dd65198365aeac5fd,0
focus_minimal_01_00001,assets/tracks/focus_minimal/legacy/focus_minimal_01_00001.mp3,focus_minimal,1,deep focus work,"clean plucked keys, soft hi-hat, warm pad",A minor,82,,unreviewed,warn,93,,,120,7a3853321c0b729b40d9078c6598ae0a7dc7ada5,0
jazzhop_lounge_01_00001,assets/tracks/jazzhop_lounge/legacy/jazzhop_lounge_01_00001.mp3,jazzhop_lounge,1,smoky bar at 2am,"jazz piano voicings, upright bass, brushed drums",Bb major,68,,unreviewed,warn,93,,,120,c9ab604db5dfd4f5051ea93efa0588ef522bd13a,0
lofi_01_00001,assets/tracks/misc/legacy/lofi_01_00001.mp3,,,rainy night study,lofi piano + brushed drums + upright bass,D minor,70,,unreviewed,warn,93,,,,867d29f58e0f0a376840d3062d3fd4ed6a6ca447,0
lofi_01_00002,assets/tracks/misc/legacy/lofi_01_00002.mp3,,,rainy night study,lofi piano + brushed drums + upright bass,D minor,70,,unreviewed,warn,93,,,,db158b450dc2a160f0abcea2b25bf7967fb1b394,0
lofi_02_00001,assets/tracks/misc/legacy/lofi_02_00001.mp3,,,cozy morning coffee,lofi guitar + soft kick + rhodes,D major,75,,unreviewed,warn,93,,,,41e9f8144443819bcb01ebd6ea4910a2695d215e,0
lofi_03_00001,assets/tracks/misc/legacy/lofi_03_00001.mp3,,,late night drive,synth pad + lofi keys + slow drums,A minor,68,,unreviewed,warn,93,,,,ab4fdd9abe8aaa2d5555112d254e7eb3753ca129,0
lofi_rainy_night_00001,assets/tracks/misc/legacy/lofi_rainy_night_00001.mp3,,,,,,,,unreviewed,warn,93,,,,75f3954e402f9d0b3120d5b1e996378eb7440ae9,0
meditation_ambient_01_00001,assets/tracks/meditation_ambient/legacy/meditation_ambient_01_00001.mp3,meditation_ambient,1,sleep and deep relax,"soft organ drone, rain ambience, faint piano",F major,51,,unreviewed,pass,100,,,120,e26385b3bd75cac46890d29f705bc70a2c2234d1,0
rainy_lofi_01_00001,assets/tracks/rainy_lofi/legacy/rainy_lofi_01_00001.mp3,rainy_lofi,1,rain on the window,"plucked keys, chill synth chords, soft dusty drums",A minor,70,,unreviewed,warn,93,,,120,f8ab2c485a47c95238757075ae537c5beefcdb82,0
rainy_lofi_02_00001,assets/tracks/rainy_lofi/legacy/rainy_lofi_02_00001.mp3,rainy_lofi,1,slow evening wind-down,"rhodes electric piano, muted trumpet, boom bap drums",E minor,73,,unreviewed,warn,93,,,120,9ff8a9e1dc9dcca1795273db5042d22ef5ebb0d3,0
rainy_lofi_03_00001,assets/tracks/rainy_lofi/legacy/rainy_lofi_03_00001.mp3,rainy_lofi,1,quiet cafe in the rain,"jazz piano voicings, upright bass, brushed drums",E minor,81,,unreviewed,warn,93,,,120,c6f6b54b3b7be4d54d614a38255ff0562d8e0667,0
rnb_soul_01_00001,assets/tracks/rnb_soul/legacy/rnb_soul_01_00001.mp3,rnb_soul,1,warm bedroom soul,"warm synth keys, soft claps, smooth bass",C minor,70,,unreviewed,warn,93,,,120,028c8cdf024a8e5f3e5f1521122cc944bdfe0381,0
tokyo_night_01_00001,assets/tracks/tokyo_night/legacy/tokyo_night_01_00001.mp3,tokyo_night,1,tokyo night walk,"bell keys, warm pads, soft kick",E minor,76,,unreviewed,warn,93,,,120,206218d10257382eacbe619618865bf50f44d06d,0
