id,style,mood,instruments,key,bpm,prompt,negative
01,cozy_morning,cozy morning coffee,"mellow acoustic guitar, soft kick, rhodes chords",G major,86,"lofi hip hop, warm and cozy, soft tape saturation, instrumental, no vocals, cozy morning coffee, mellow acoustic guitar, soft kick, rhodes chords, 86 BPM, G major, warm, uplifting, nostalgic","no vocals, no fast tempo, no harsh synths, no distortion"
02,cozy_morning,slow weekend,"mellow acoustic guitar, soft kick, rhodes chords",C major,79,"lofi hip hop, warm and cozy, soft tape saturation, instrumental, no vocals, slow weekend, mellow acoustic guitar, soft kick, rhodes chords, 79 BPM, C major, warm, uplifting, nostalgic","no vocals, no fast tempo, no harsh synths, no distortion"
03,cozy_morning,gentle start of the day,"warm ukulele, light shaker, soft bass",A major,80,"lofi hip hop, warm and cozy, soft tape saturation, instrumental, no vocals, gentle start of the day, warm ukulele, light shaker, soft bass, 80 BPM, A major, warm, uplifting, nostalgic","no vocals, no fast tempo, no harsh synths, no distortion"
04,cozy_morning,cozy morning coffee,"mellow acoustic guitar, soft kick, rhodes chords",C major,83,"lofi hip hop, warm and cozy, soft tape saturation, instrumental, no vocals, cozy morning coffee, mellow acoustic guitar, soft kick, rhodes chords, 83 BPM, C major, warm, uplifting, nostalgic","no vocals, no fast tempo, no harsh synths, no distortion"
05,cozy_morning,cozy morning coffee,"gentle piano chords, brushed drums, warm bass",G major,81,"lofi hip hop, warm and cozy, soft tape saturation, instrumental, no vocals, cozy morning coffee, gentle piano chords, brushed drums, warm bass, 81 BPM, G major, warm, uplifting, nostalgic","no vocals, no fast tempo, no harsh synths, no distortion"
06,cozy_morning,gentle start of the day,"mellow acoustic guitar, soft kick, rhodes chords",G major,75,"lofi hip hop, warm and cozy, soft tape saturation, instrumental, no vocals, gentle start of the day, mellow acoustic guitar, soft kick, rhodes chords, 75 BPM, G major, warm, uplifting, nostalgic","no vocals, no fast tempo, no harsh synths, no distortion"
07,cozy_morning,slow weekend,"mellow acoustic guitar, soft kick, rhodes chords",D major,80,"lofi hip hop, warm and cozy, soft tape saturation, instrumental, no vocals, slow weekend, mellow acoustic guitar, soft kick, rhodes chords, 80 BPM, D major, warm, uplifting, nostalgic","no vocals, no fast tempo, no harsh synths, no distortion"
08,cozy_morning,cozy morning coffee,"gentle piano chords, brushed drums, warm bass",G major,88,"lofi hip hop, warm and cozy, soft tape saturation, instrumental, no vocals, cozy morning coffee, gentle piano chords, brushed drums, warm bass, 88 BPM, G major, warm, uplifting, nostalgic","no vocals, no fast tempo, no harsh synths, no distortion"
09,cozy_morning,cozy morning coffee,"soft guitar fingerpicking, mellow pads, soft kick",C major,78,"lofi hip hop, warm and cozy, soft tape saturation, instrumental, no vocals, cozy morning coffee, soft guitar fingerpicking, mellow pads, soft kick, 78 BPM, C major, warm, uplifting, nostalgic","no vocals, no fast tempo, no harsh synths, no distortion"
10,cozy_morning,sunlit window,"gentle piano chords, brushed drums, warm bass",A major,88,"lofi hip hop, warm and cozy, soft tape saturation, instrumental, no vocals, sunlit window, gentle piano chords, brushed drums, warm bass, 88 BPM, A major, warm, uplifting, nostalgic","no vocals, no fast tempo, no harsh synths, no distortion"
11,cozy_morning,slow weekend,"gentle piano chords, brushed drums, warm bass",A major,81,"lofi hip hop, warm and cozy, soft tape saturation, instrumental, no vocals, slow weekend, gentle piano chords, brushed drums, warm bass, 81 BPM, A major, warm, uplifting, nostalgic","no vocals, no fast tempo, no harsh synths, no distortion"
12,cozy_morning,gentle start of the day,"mellow acoustic guitar, soft kick, rhodes chords",G major,83,"lofi hip hop, warm and cozy, soft tape saturation, instrumental, no vocals, gentle start of the day, mellow acoustic guitar, soft kick, rhodes chords, 83 BPM, G major, warm, uplifting, nostalgic","no vocals, no fast tempo, no harsh synths, no distortion"
13,cozy_morning,spring morning breeze,"soft guitar fingerpicking, mellow pads, soft kick",C major,81,"lofi hip hop, warm and cozy, soft tape saturation, instrumental, no vocals, spring morning breeze, soft guitar fingerpicking, mellow pads, soft kick, 81 BPM, C major, warm, uplifting, nostalgic","no vocals, no fast tempo, no harsh synths, no distortion"
14,cozy_morning,cozy morning coffee,"soft guitar fingerpicking, mellow pads, soft kick",F major,77,"lofi hip hop, warm and cozy, soft tape saturation, instrumental, no vocals, cozy morning coffee, soft guitar fingerpicking, mellow pads, soft kick, 77 BPM, F major, warm, uplifting, nostalgic","no vocals, no fast tempo, no harsh synths, no distortion"
15,cozy_morning,cozy morning coffee,"warm ukulele, light shaker, soft bass",G major,87,"lofi hip hop, warm and cozy, soft tape saturation, instrumental, no vocals, cozy morning coffee, warm ukulele, light shaker, soft bass, 87 BPM, G major, warm, uplifting, nostalgic","no vocals, no fast tempo, no harsh synths, no distortion"
16,cozy_morning,spring morning breeze,"warm ukulele, light shaker, soft bass",D major,75,"lofi hip hop, warm and cozy, soft tape saturation, instrumental, no vocals, spring morning breeze, warm ukulele, light shaker, soft bass, 75 BPM, D major, warm, uplifting, nostalgic","no vocals, no fast tempo, no harsh synths, no distortion"
17,cozy_morning,gentle start of the day,"warm ukulele, light shaker, soft bass",A major,88,"lofi hip hop, warm and cozy, soft tape saturation, instrumental, no vocals, gentle start of the day, warm ukulele, light shaker, soft bass, 88 BPM, A major, warm, uplifting, nostalgic","no vocals, no fast tempo, no harsh synths, no distortion"
18,cozy_morning,gentle start of the day,"warm ukulele, light shaker, soft bass",A major,84,"lofi hip hop, warm and cozy, soft tape saturation, instrumental, no vocals, gentle start of the day, warm ukulele, light shaker, soft bass, 84 BPM, A major, warm, uplifting, nostalgic","no vocals, no fast tempo, no harsh synths, no distortion"
19,cozy_morning,cozy morning coffee,"soft guitar fingerpicking, mellow pads, soft kick",F major,78,"lofi hip hop, warm and cozy, soft tape saturation, instrumental, no vocals, cozy morning coffee, soft guitar fingerpicking, mellow pads, soft kick, 78 BPM, F major, warm, uplifting, nostalgic","no vocals, no fast tempo, no harsh synths, no distortion"
20,cozy_morning,spring morning breeze,"mellow acoustic guitar, soft kick, rhodes chords",F major,82,"lofi hip hop, warm and cozy, soft tape saturation, instrumental, no vocals, spring morning breeze, mellow acoustic guitar, soft kick, rhodes chords, 82 BPM, F major, warm, uplifting, nostalgic","no vocals, no fast tempo, no harsh synths, no distortion"
